-- MySQL dump 10.16  Distrib 10.1.23-MariaDB, for debian-linux-gnueabihf (armv7l)
--
-- Host: localhost    Database: stock
-- ------------------------------------------------------
-- Server version	10.1.23-MariaDB-9+deb9u1

/*!40101 SET @OLD_CHARACTER_SET_CLIENT=@@CHARACTER_SET_CLIENT */;
/*!40101 SET @OLD_CHARACTER_SET_RESULTS=@@CHARACTER_SET_RESULTS */;
/*!40101 SET @OLD_COLLATION_CONNECTION=@@COLLATION_CONNECTION */;
/*!40101 SET NAMES utf8mb4 */;
/*!40103 SET @OLD_TIME_ZONE=@@TIME_ZONE */;
/*!40103 SET TIME_ZONE='+00:00' */;
/*!40014 SET @OLD_UNIQUE_CHECKS=@@UNIQUE_CHECKS, UNIQUE_CHECKS=0 */;
/*!40014 SET @OLD_FOREIGN_KEY_CHECKS=@@FOREIGN_KEY_CHECKS, FOREIGN_KEY_CHECKS=0 */;
/*!40101 SET @OLD_SQL_MODE=@@SQL_MODE, SQL_MODE='NO_AUTO_VALUE_ON_ZERO' */;
/*!40111 SET @OLD_SQL_NOTES=@@SQL_NOTES, SQL_NOTES=0 */;

--
-- Table structure for table `errorlog`
--

DROP TABLE IF EXISTS `errorlog`;
/*!40101 SET @saved_cs_client     = @@character_set_client */;
/*!40101 SET character_set_client = utf8 */;
CREATE TABLE `errorlog` (
  `id_errorlog` int(11) NOT NULL AUTO_INCREMENT,
  `datetime` datetime NOT NULL DEFAULT CURRENT_TIMESTAMP,
  `id_transacc` int(50) NOT NULL,
  `descripcion` text CHARACTER SET utf8 COLLATE utf8_spanish_ci NOT NULL,
  PRIMARY KEY (`id_errorlog`)
) ENGINE=InnoDB AUTO_INCREMENT=549 DEFAULT CHARSET=utf8mb4;
/*!40101 SET character_set_client = @saved_cs_client */;

--
-- Dumping data for table `errorlog`
--

LOCK TABLES `errorlog` WRITE;
/*!40000 ALTER TABLE `errorlog` DISABLE KEYS */;
INSERT INTO `errorlog` VALUES (1,'2018-10-29 20:52:21',1,'desc5555'),(2,'2018-11-14 21:56:17',0,'Se escaneo el código: T\0imeOut que no existe en el stock.'),(3,'2018-11-14 23:01:16',0,'Se escaneo el código: 212 que no existe en el stock.'),(4,'2018-11-14 23:13:07',0,'Se escaneo el codigo:  cuyo stock es 0'),(5,'2018-11-20 23:46:09',1,'Se escaneo el codigo:  cuyo stock es 0'),(6,'2018-11-20 23:57:07',2,'Se escaneo el codigo: 1 que no existe en el stock.'),(7,'2018-11-20 23:57:11',2,'Se escaneo el codigo: 1 que no existe en el stock.'),(8,'2018-11-20 23:57:15',2,'Se escaneo el codigo: 345 que no existe en el stock.'),(9,'2018-11-21 18:51:28',2,'Se escaneo el codigo: 345 que no existe en el stock.'),(10,'2018-11-27 16:58:28',4,'Se escaneo el codigo: 0000000 que no existe en el stock.'),(11,'2018-11-28 21:49:46',4,'Se escaneo el codigo: a que no existe en el stock.'),(12,'2018-11-28 21:50:44',4,'Se escaneo el codigo: 983 que no existe en el stock.'),(13,'2018-11-28 21:50:48',4,'Se escaneo el codigo: a que no existe en el stock.'),(14,'2018-11-28 21:53:07',4,'Se escaneo el codigo: 983 que no existe en el stock.'),(15,'2018-11-28 21:53:14',4,'Se escaneo el codigo: a que no existe en el stock.'),(16,'2018-11-28 21:57:18',4,'Se escaneo el codigo: 2s2 que no existe en el stock.'),(17,'2018-11-28 21:57:31',4,'Se escaneo el codigo: 983 que no existe en el stock.'),(18,'2018-11-28 21:57:36',4,'Se escaneo el codigo: 1r3 que no existe en el stock.'),(19,'2018-11-28 21:57:48',4,'Se escaneo el codigo: 1r3 que no existe en el stock.'),(20,'2018-11-28 21:57:55',4,'Se escaneo el codigo: 2q3 que no existe en el stock.'),(21,'2018-11-28 22:52:06',5,'Se escaneo el codigo: 983 que no existe en el stock.'),(22,'2018-11-28 22:52:22',5,'Se escaneo el codigo: 983 que no existe en el stock.'),(23,'2018-11-28 22:54:31',5,'Se escaneo el codigo: 983 que no existe en el stock.'),(24,'2018-11-28 22:57:40',5,'Se escaneo el codigo: 983 que no existe en el stock.'),(25,'2018-11-28 22:59:31',5,'Bienvenido al sistema de gestion de stock'),(26,'2018-11-28 22:59:31',5,'Escanee producto'),(27,'2018-11-28 22:59:31',5,'Estado especial\n'),(28,'2018-11-28 22:59:51',5,'Transaccion reseteada'),(29,'2018-11-28 22:59:51',5,'Escanee producto'),(30,'2018-11-28 22:59:51',5,'Estado normal\n'),(31,'2018-11-28 23:00:04',5,'El articulo no se encuentra en stock'),(32,'2018-11-28 23:00:04',5,'Se escaneo el codigo: 983 que no existe en el stock.'),(33,'2018-11-28 23:00:13',5,'El articulo de codigo: 212 tiene descripcion: Producto 4 y precio: 47'),(34,'2018-11-28 23:00:13',5,'El total acumulado es de: 47'),(35,'2018-11-28 23:00:23',5,'El articulo de codigo: 123 tiene descripcion: Producto 1 y precio: 10'),(36,'2018-11-28 23:00:23',5,'El total acumulado es de: 57'),(37,'2018-11-28 23:00:28',5,'El articulo no se encuentra en stock'),(38,'2018-11-28 23:00:28',5,'Se escaneo el codigo: 345 que no existe en el stock.'),(39,'2018-11-28 23:15:31',5,'Bienvenido al sistema de gestion de stock'),(40,'2018-11-28 23:15:31',5,'Escanee producto'),(41,'2018-11-28 23:15:31',5,'Estado especial\n'),(42,'2018-11-28 23:15:32',5,'El articulo no se encuentra en stock'),(43,'2018-11-28 23:15:32',5,'Se escaneo el codigo:  que no existe en el stock.'),(44,'2018-11-28 23:15:33',5,'El articulo no se encuentra en stock'),(45,'2018-11-28 23:15:33',5,'Se escaneo el codigo:  que no existe en el stock.'),(46,'2018-11-28 23:15:35',5,'El articulo no se encuentra en stock'),(47,'2018-11-28 23:15:35',5,'Se escaneo el codigo: 983 que no existe en el stock.'),(48,'2018-11-28 23:15:36',5,'El articulo no se encuentra en stock'),(49,'2018-11-28 23:15:36',5,'Se escaneo el codigo:  que no existe en el stock.'),(50,'2018-11-28 23:15:37',5,'El articulo no se encuentra en stock'),(51,'2018-11-28 23:15:37',5,'Se escaneo el codigo:  que no existe en el stock.'),(52,'2018-11-28 23:15:38',5,'El articulo no se encuentra en stock'),(53,'2018-11-28 23:15:38',5,'Se escaneo el codigo:  que no existe en el stock.'),(54,'2018-11-28 23:15:39',5,'El articulo no se encuentra en stock'),(55,'2018-11-28 23:15:39',5,'Se escaneo el codigo:  que no existe en el stock.'),(56,'2018-11-28 23:15:40',5,'El articulo no se encuentra en stock'),(57,'2018-11-28 23:15:40',5,'Se escaneo el codigo:  que no existe en el stock.'),(58,'2018-11-28 23:15:41',5,'El articulo no se encuentra en stock'),(59,'2018-11-28 23:15:42',5,'Se escaneo el codigo:  que no existe en el stock.'),(60,'2018-11-28 23:15:43',5,'El articulo no se encuentra en stock'),(61,'2018-11-28 23:15:43',5,'Se escaneo el codigo:  que no existe en el stock.'),(62,'2018-11-28 23:15:44',5,'El articulo no se encuentra en stock'),(63,'2018-11-28 23:15:44',5,'Se escaneo el codigo:  que no existe en el stock.'),(64,'2018-11-28 23:15:45',5,'El articulo no se encuentra en stock'),(65,'2018-11-28 23:15:45',5,'Se escaneo el codigo:  que no existe en el stock.'),(66,'2018-11-28 23:15:46',5,'El articulo no se encuentra en stock'),(67,'2018-11-28 23:15:46',5,'Se escaneo el codigo:  que no existe en el stock.'),(68,'2018-11-28 23:15:47',5,'El articulo no se encuentra en stock'),(69,'2018-11-28 23:15:47',5,'Se escaneo el codigo:  que no existe en el stock.'),(70,'2018-11-28 23:15:48',5,'El articulo no se encuentra en stock'),(71,'2018-11-28 23:15:48',5,'Se escaneo el codigo:  que no existe en el stock.'),(72,'2018-11-28 23:15:49',5,'El articulo no se encuentra en stock'),(73,'2018-11-28 23:15:49',5,'Se escaneo el codigo:  que no existe en el stock.'),(74,'2018-11-28 23:15:50',5,'El articulo no se encuentra en stock'),(75,'2018-11-28 23:15:50',5,'Se escaneo el codigo:  que no existe en el stock.'),(76,'2018-11-28 23:15:51',5,'El articulo no se encuentra en stock'),(77,'2018-11-28 23:15:51',5,'Se escaneo el codigo:  que no existe en el stock.'),(78,'2018-11-28 23:15:52',5,'El articulo no se encuentra en stock'),(79,'2018-11-28 23:15:52',5,'Se escaneo el codigo:  que no existe en el stock.'),(80,'2018-11-28 23:15:53',5,'El articulo no se encuentra en stock'),(81,'2018-11-28 23:15:53',5,'Se escaneo el codigo:  que no existe en el stock.'),(82,'2018-11-28 23:15:54',5,'El articulo no se encuentra en stock'),(83,'2018-11-28 23:15:54',5,'Se escaneo el codigo:  que no existe en el stock.'),(84,'2018-11-28 23:15:55',5,'El articulo no se encuentra en stock'),(85,'2018-11-28 23:15:55',5,'Se escaneo el codigo:  que no existe en el stock.'),(86,'2018-11-28 23:15:56',5,'El articulo no se encuentra en stock'),(87,'2018-11-28 23:15:56',5,'Se escaneo el codigo:  que no existe en el stock.'),(88,'2018-11-28 23:15:57',5,'El articulo no se encuentra en stock'),(89,'2018-11-28 23:15:57',5,'Se escaneo el codigo:  que no existe en el stock.'),(90,'2018-11-28 23:15:58',5,'El articulo no se encuentra en stock'),(91,'2018-11-28 23:15:58',5,'Se escaneo el codigo:  que no existe en el stock.'),(92,'2018-11-28 23:16:00',5,'El articulo no se encuentra en stock'),(93,'2018-11-28 23:16:00',5,'Se escaneo el codigo: 983 que no existe en el stock.'),(94,'2018-11-28 23:16:01',5,'El articulo no se encuentra en stock'),(95,'2018-11-28 23:16:01',5,'Se escaneo el codigo:  que no existe en el stock.'),(96,'2018-11-28 23:16:02',5,'El articulo no se encuentra en stock'),(97,'2018-11-28 23:16:02',5,'Se escaneo el codigo:  que no existe en el stock.'),(98,'2018-11-28 23:16:03',5,'El articulo no se encuentra en stock'),(99,'2018-11-28 23:16:03',5,'Se escaneo el codigo:  que no existe en el stock.'),(100,'2018-11-28 23:16:04',5,'El articulo no se encuentra en stock'),(101,'2018-11-28 23:16:04',5,'Se escaneo el codigo:  que no existe en el stock.'),(102,'2018-11-28 23:16:05',5,'El articulo no se encuentra en stock'),(103,'2018-11-28 23:16:05',5,'Se escaneo el codigo:  que no existe en el stock.'),(104,'2018-11-28 23:16:06',5,'El articulo no se encuentra en stock'),(105,'2018-11-28 23:16:06',5,'Se escaneo el codigo:  que no existe en el stock.'),(106,'2018-11-28 23:16:07',5,'El articulo no se encuentra en stock'),(107,'2018-11-28 23:16:07',5,'Se escaneo el codigo:  que no existe en el stock.'),(108,'2018-11-28 23:16:09',5,'Se incremento el stock del producto: 123'),(109,'2018-11-28 23:16:09',5,'Se ha incrementado el stock del producto: 123'),(110,'2018-11-28 23:16:10',5,'El articulo no se encuentra en stock'),(111,'2018-11-28 23:16:10',5,'Se escaneo el codigo:  que no existe en el stock.'),(112,'2018-11-28 23:16:11',5,'El articulo no se encuentra en stock'),(113,'2018-11-28 23:16:11',5,'Se escaneo el codigo:  que no existe en el stock.'),(114,'2018-11-28 23:16:12',5,'El articulo no se encuentra en stock'),(115,'2018-11-28 23:16:12',5,'Se escaneo el codigo:  que no existe en el stock.'),(116,'2018-11-28 23:16:13',5,'El articulo no se encuentra en stock'),(117,'2018-11-28 23:16:13',5,'Se escaneo el codigo:  que no existe en el stock.'),(118,'2018-11-28 23:16:14',5,'El articulo no se encuentra en stock'),(119,'2018-11-28 23:16:14',5,'Se escaneo el codigo:  que no existe en el stock.'),(120,'2018-11-28 23:16:15',5,'El articulo no se encuentra en stock'),(121,'2018-11-28 23:16:15',5,'Se escaneo el codigo:  que no existe en el stock.'),(122,'2018-11-28 23:16:16',5,'El articulo no se encuentra en stock'),(123,'2018-11-28 23:16:16',5,'Se escaneo el codigo:  que no existe en el stock.'),(124,'2018-11-28 23:16:17',5,'El articulo no se encuentra en stock'),(125,'2018-11-28 23:16:17',5,'Se escaneo el codigo:  que no existe en el stock.'),(126,'2018-11-28 23:16:18',5,'El articulo no se encuentra en stock'),(127,'2018-11-28 23:16:18',5,'Se escaneo el codigo:  que no existe en el stock.'),(128,'2018-11-28 23:16:19',5,'El articulo no se encuentra en stock'),(129,'2018-11-28 23:16:19',5,'Se escaneo el codigo:  que no existe en el stock.'),(130,'2018-11-28 23:16:20',5,'El articulo no se encuentra en stock'),(131,'2018-11-28 23:16:20',5,'Se escaneo el codigo:  que no existe en el stock.'),(132,'2018-11-28 23:16:21',5,'El articulo no se encuentra en stock'),(133,'2018-11-28 23:16:21',5,'Se escaneo el codigo:  que no existe en el stock.'),(134,'2018-11-28 23:16:22',5,'El articulo no se encuentra en stock'),(135,'2018-11-28 23:16:22',5,'Se escaneo el codigo:  que no existe en el stock.'),(136,'2018-11-28 23:16:23',5,'El articulo no se encuentra en stock'),(137,'2018-11-28 23:16:23',5,'Se escaneo el codigo:  que no existe en el stock.'),(138,'2018-11-28 23:16:24',5,'El articulo no se encuentra en stock'),(139,'2018-11-28 23:16:24',5,'Se escaneo el codigo:  que no existe en el stock.'),(140,'2018-11-28 23:16:25',5,'El articulo no se encuentra en stock'),(141,'2018-11-28 23:16:25',5,'Se escaneo el codigo:  que no existe en el stock.'),(142,'2018-11-28 23:16:26',5,'El articulo no se encuentra en stock'),(143,'2018-11-28 23:16:27',5,'Se escaneo el codigo:  que no existe en el stock.'),(144,'2018-11-28 23:16:28',5,'El articulo no se encuentra en stock'),(145,'2018-11-28 23:16:28',5,'Se escaneo el codigo:  que no existe en el stock.'),(146,'2018-11-28 23:16:29',5,'El articulo no se encuentra en stock'),(147,'2018-11-28 23:16:29',5,'Se escaneo el codigo:  que no existe en el stock.'),(148,'2018-11-28 23:16:30',5,'El articulo no se encuentra en stock'),(149,'2018-11-28 23:16:30',5,'Se escaneo el codigo:  que no existe en el stock.'),(150,'2018-11-28 23:16:31',5,'El articulo no se encuentra en stock'),(151,'2018-11-28 23:16:31',5,'Se escaneo el codigo:  que no existe en el stock.'),(152,'2018-11-28 23:16:32',5,'El articulo no se encuentra en stock'),(153,'2018-11-28 23:16:32',5,'Se escaneo el codigo:  que no existe en el stock.'),(154,'2018-11-28 23:16:33',5,'El articulo no se encuentra en stock'),(155,'2018-11-28 23:16:33',5,'Se escaneo el codigo:  que no existe en el stock.'),(156,'2018-11-28 23:16:34',5,'El articulo no se encuentra en stock'),(157,'2018-11-28 23:16:34',5,'Se escaneo el codigo:  que no existe en el stock.'),(158,'2018-11-28 23:16:35',5,'El articulo no se encuentra en stock'),(159,'2018-11-28 23:16:35',5,'Se escaneo el codigo:  que no existe en el stock.'),(160,'2018-11-28 23:16:36',5,'El articulo no se encuentra en stock'),(161,'2018-11-28 23:16:36',5,'Se escaneo el codigo:  que no existe en el stock.'),(162,'2018-11-28 23:16:37',5,'El articulo no se encuentra en stock'),(163,'2018-11-28 23:16:37',5,'Se escaneo el codigo:  que no existe en el stock.'),(164,'2018-11-28 23:16:38',5,'El articulo no se encuentra en stock'),(165,'2018-11-28 23:16:38',5,'Se escaneo el codigo:  que no existe en el stock.'),(166,'2018-11-28 23:16:39',5,'El articulo no se encuentra en stock'),(167,'2018-11-28 23:16:39',5,'Se escaneo el codigo:  que no existe en el stock.'),(168,'2018-11-28 23:16:40',5,'El articulo no se encuentra en stock'),(169,'2018-11-28 23:16:40',5,'Se escaneo el codigo:  que no existe en el stock.'),(170,'2018-11-28 23:16:41',5,'El articulo no se encuentra en stock'),(171,'2018-11-28 23:16:41',5,'Se escaneo el codigo:  que no existe en el stock.'),(172,'2018-11-28 23:16:42',5,'El articulo no se encuentra en stock'),(173,'2018-11-28 23:16:42',5,'Se escaneo el codigo:  que no existe en el stock.'),(174,'2018-11-28 23:16:43',5,'El articulo no se encuentra en stock'),(175,'2018-11-28 23:16:43',5,'Se escaneo el codigo:  que no existe en el stock.'),(176,'2018-11-28 23:16:44',5,'El articulo no se encuentra en stock'),(177,'2018-11-28 23:16:44',5,'Se escaneo el codigo:  que no existe en el stock.'),(178,'2018-11-28 23:16:45',5,'El articulo no se encuentra en stock'),(179,'2018-11-28 23:16:45',5,'Se escaneo el codigo:  que no existe en el stock.'),(180,'2018-11-28 23:16:46',5,'El articulo no se encuentra en stock'),(181,'2018-11-28 23:16:46',5,'Se escaneo el codigo:  que no existe en el stock.'),(182,'2018-11-28 23:16:47',5,'El articulo no se encuentra en stock'),(183,'2018-11-28 23:16:47',5,'Se escaneo el codigo:  que no existe en el stock.'),(184,'2018-11-28 23:16:48',5,'El articulo no se encuentra en stock'),(185,'2018-11-28 23:16:48',5,'Se escaneo el codigo:  que no existe en el stock.'),(186,'2018-11-28 23:16:49',5,'El articulo no se encuentra en stock'),(187,'2018-11-28 23:16:49',5,'Se escaneo el codigo:  que no existe en el stock.'),(188,'2018-11-28 23:16:50',5,'El articulo no se encuentra en stock'),(189,'2018-11-28 23:16:50',5,'Se escaneo el codigo:  que no existe en el stock.'),(190,'2018-11-28 23:16:51',5,'El articulo no se encuentra en stock'),(191,'2018-11-28 23:16:51',5,'Se escaneo el codigo:  que no existe en el stock.'),(192,'2018-11-28 23:16:52',5,'El articulo no se encuentra en stock'),(193,'2018-11-28 23:16:52',5,'Se escaneo el codigo:  que no existe en el stock.'),(194,'2018-11-28 23:16:53',5,'El articulo no se encuentra en stock'),(195,'2018-11-28 23:16:53',5,'Se escaneo el codigo:  que no existe en el stock.'),(196,'2018-11-28 23:16:54',5,'El articulo no se encuentra en stock'),(197,'2018-11-28 23:16:54',5,'Se escaneo el codigo:  que no existe en el stock.'),(198,'2018-11-28 23:16:55',5,'El articulo no se encuentra en stock'),(199,'2018-11-28 23:16:55',5,'Se escaneo el codigo:  que no existe en el stock.'),(200,'2018-11-28 23:16:56',5,'El articulo no se encuentra en stock'),(201,'2018-11-28 23:16:56',5,'Se escaneo el codigo:  que no existe en el stock.'),(202,'2018-11-28 23:16:57',5,'El articulo no se encuentra en stock'),(203,'2018-11-28 23:16:57',5,'Se escaneo el codigo:  que no existe en el stock.'),(204,'2018-11-28 23:16:58',5,'El articulo no se encuentra en stock'),(205,'2018-11-28 23:16:59',5,'Se escaneo el codigo:  que no existe en el stock.'),(206,'2018-11-28 23:17:00',5,'El articulo no se encuentra en stock'),(207,'2018-11-28 23:17:00',5,'Se escaneo el codigo:  que no existe en el stock.'),(208,'2018-11-28 23:17:01',5,'El articulo no se encuentra en stock'),(209,'2018-11-28 23:17:01',5,'Se escaneo el codigo:  que no existe en el stock.'),(210,'2018-11-28 23:17:02',5,'El articulo no se encuentra en stock'),(211,'2018-11-28 23:17:02',5,'Se escaneo el codigo:  que no existe en el stock.'),(212,'2018-11-28 23:17:03',5,'El articulo no se encuentra en stock'),(213,'2018-11-28 23:17:03',5,'Se escaneo el codigo:  que no existe en el stock.'),(214,'2018-11-28 23:17:04',5,'El articulo no se encuentra en stock'),(215,'2018-11-28 23:17:04',5,'Se escaneo el codigo:  que no existe en el stock.'),(216,'2018-11-28 23:17:05',5,'El articulo no se encuentra en stock'),(217,'2018-11-28 23:17:05',5,'Se escaneo el codigo:  que no existe en el stock.'),(218,'2018-11-28 23:17:06',5,'El articulo no se encuentra en stock'),(219,'2018-11-28 23:17:06',5,'Se escaneo el codigo:  que no existe en el stock.'),(220,'2018-11-28 23:17:07',5,'El articulo no se encuentra en stock'),(221,'2018-11-28 23:17:07',5,'Se escaneo el codigo:  que no existe en el stock.'),(222,'2018-11-28 23:17:08',5,'El articulo no se encuentra en stock'),(223,'2018-11-28 23:17:08',5,'Se escaneo el codigo:  que no existe en el stock.'),(224,'2018-11-28 23:17:09',5,'El articulo no se encuentra en stock'),(225,'2018-11-28 23:17:09',5,'Se escaneo el codigo:  que no existe en el stock.'),(226,'2018-11-28 23:17:10',5,'El articulo no se encuentra en stock'),(227,'2018-11-28 23:17:10',5,'Se escaneo el codigo:  que no existe en el stock.'),(228,'2018-11-28 23:17:11',5,'El articulo no se encuentra en stock'),(229,'2018-11-28 23:17:11',5,'Se escaneo el codigo:  que no existe en el stock.'),(230,'2018-11-28 23:17:12',5,'El articulo no se encuentra en stock'),(231,'2018-11-28 23:17:12',5,'Se escaneo el codigo:  que no existe en el stock.'),(232,'2018-11-28 23:17:14',5,'El articulo no se encuentra en stock'),(233,'2018-11-28 23:17:14',5,'Se escaneo el codigo: 212212 que no existe en el stock.'),(234,'2018-11-28 23:17:15',5,'El articulo no se encuentra en stock'),(235,'2018-11-28 23:17:15',5,'Se escaneo el codigo:  que no existe en el stock.'),(236,'2018-11-28 23:17:16',5,'El articulo no se encuentra en stock'),(237,'2018-11-28 23:17:16',5,'Se escaneo el codigo:  que no existe en el stock.'),(238,'2018-11-28 23:17:17',5,'El articulo no se encuentra en stock'),(239,'2018-11-28 23:17:17',5,'Se escaneo el codigo:  que no existe en el stock.'),(240,'2018-11-28 23:17:18',5,'El articulo no se encuentra en stock'),(241,'2018-11-28 23:17:18',5,'Se escaneo el codigo:  que no existe en el stock.'),(242,'2018-11-28 23:17:19',5,'El articulo no se encuentra en stock'),(243,'2018-11-28 23:17:19',5,'Se escaneo el codigo:  que no existe en el stock.'),(244,'2018-11-28 23:17:20',5,'El articulo no se encuentra en stock'),(245,'2018-11-28 23:17:20',5,'Se escaneo el codigo:  que no existe en el stock.'),(246,'2018-11-28 23:17:21',5,'El articulo no se encuentra en stock'),(247,'2018-11-28 23:17:21',5,'Se escaneo el codigo:  que no existe en el stock.'),(248,'2018-11-28 23:17:22',5,'El articulo no se encuentra en stock'),(249,'2018-11-28 23:17:22',5,'Se escaneo el codigo:  que no existe en el stock.'),(250,'2018-11-28 23:17:24',5,'Se incremento el stock del producto: 212'),(251,'2018-11-28 23:17:24',5,'Se ha incrementado el stock del producto: 212'),(252,'2018-11-28 23:17:25',5,'El articulo no se encuentra en stock'),(253,'2018-11-28 23:17:25',5,'Se escaneo el codigo:  que no existe en el stock.'),(254,'2018-11-28 23:17:26',5,'El articulo no se encuentra en stock'),(255,'2018-11-28 23:17:26',5,'Se escaneo el codigo:  que no existe en el stock.'),(256,'2018-11-28 23:17:27',5,'El articulo no se encuentra en stock'),(257,'2018-11-28 23:17:27',5,'Se escaneo el codigo:  que no existe en el stock.'),(258,'2018-11-28 23:17:28',5,'El articulo no se encuentra en stock'),(259,'2018-11-28 23:17:28',5,'Se escaneo el codigo:  que no existe en el stock.'),(260,'2018-11-28 23:17:29',5,'El articulo no se encuentra en stock'),(261,'2018-11-28 23:17:29',5,'Se escaneo el codigo:  que no existe en el stock.'),(262,'2018-11-28 23:17:30',5,'El articulo no se encuentra en stock'),(263,'2018-11-28 23:17:30',5,'Se escaneo el codigo:  que no existe en el stock.'),(264,'2018-11-28 23:17:31',5,'El articulo no se encuentra en stock'),(265,'2018-11-28 23:17:31',5,'Se escaneo el codigo:  que no existe en el stock.'),(266,'2018-11-28 23:17:32',5,'El articulo no se encuentra en stock'),(267,'2018-11-28 23:17:32',5,'Se escaneo el codigo:  que no existe en el stock.'),(268,'2018-11-28 23:17:33',5,'El articulo no se encuentra en stock'),(269,'2018-11-28 23:17:33',5,'Se escaneo el codigo:  que no existe en el stock.'),(270,'2018-11-28 23:17:34',5,'El articulo no se encuentra en stock'),(271,'2018-11-28 23:17:34',5,'Se escaneo el codigo:  que no existe en el stock.'),(272,'2018-11-28 23:17:34',5,'Estado normal\n'),(273,'2018-11-28 23:17:35',5,'El articulo no se encuentra en stock'),(274,'2018-11-28 23:17:35',5,'Se escaneo el codigo:  que no existe en el stock.'),(275,'2018-11-28 23:17:36',5,'El articulo no se encuentra en stock'),(276,'2018-11-28 23:17:36',5,'Se escaneo el codigo:  que no existe en el stock.'),(277,'2018-11-28 23:17:37',5,'Transaccion reseteada'),(278,'2018-11-28 23:17:37',5,'Escanee producto'),(279,'2018-11-28 23:17:38',5,'El articulo no se encuentra en stock'),(280,'2018-11-28 23:17:38',5,'Se escaneo el codigo:  que no existe en el stock.'),(281,'2018-11-28 23:17:39',5,'El articulo no se encuentra en stock'),(282,'2018-11-28 23:17:39',5,'Se escaneo el codigo:  que no existe en el stock.'),(283,'2018-11-28 23:17:40',5,'El articulo no se encuentra en stock'),(284,'2018-11-28 23:17:40',5,'Se escaneo el codigo:  que no existe en el stock.'),(285,'2018-11-28 23:17:41',5,'El articulo no se encuentra en stock'),(286,'2018-11-28 23:17:41',5,'Se escaneo el codigo:  que no existe en el stock.'),(287,'2018-11-28 23:17:42',5,'El articulo de codigo: 123 tiene descripcion: Producto 1 y precio: 10'),(288,'2018-11-28 23:17:42',5,'El total acumulado es de: 10'),(289,'2018-11-28 23:17:43',5,'El articulo no se encuentra en stock'),(290,'2018-11-28 23:17:43',5,'Se escaneo el codigo:  que no existe en el stock.'),(291,'2018-11-28 23:17:44',5,'El articulo no se encuentra en stock'),(292,'2018-11-28 23:17:44',5,'Se escaneo el codigo:  que no existe en el stock.'),(293,'2018-11-28 23:17:45',5,'El articulo no se encuentra en stock'),(294,'2018-11-28 23:17:45',5,'Se escaneo el codigo:  que no existe en el stock.'),(295,'2018-11-28 23:17:46',5,'El articulo no se encuentra en stock'),(296,'2018-11-28 23:17:47',5,'Se escaneo el codigo:  que no existe en el stock.'),(297,'2018-11-28 23:17:48',5,'El articulo de codigo: 123 tiene descripcion: Producto 1 y precio: 10'),(298,'2018-11-28 23:17:48',5,'El total acumulado es de: 20'),(299,'2018-11-28 23:17:49',5,'El articulo no se encuentra en stock'),(300,'2018-11-28 23:17:49',5,'Se escaneo el codigo:  que no existe en el stock.'),(301,'2018-11-28 23:17:50',5,'El articulo no se encuentra en stock'),(302,'2018-11-28 23:17:50',5,'Se escaneo el codigo:  que no existe en el stock.'),(303,'2018-11-28 23:17:51',5,'El articulo no se encuentra en stock'),(304,'2018-11-28 23:17:51',5,'Se escaneo el codigo:  que no existe en el stock.'),(305,'2018-11-28 23:17:52',5,'El articulo no se encuentra en stock'),(306,'2018-11-28 23:17:52',5,'Se escaneo el codigo:  que no existe en el stock.'),(307,'2018-11-28 23:17:53',5,'El articulo no se encuentra en stock'),(308,'2018-11-28 23:17:53',5,'Se escaneo el codigo:  que no existe en el stock.'),(309,'2018-11-28 23:17:54',5,'El articulo no se encuentra en stock'),(310,'2018-11-28 23:17:54',5,'Se escaneo el codigo:  que no existe en el stock.'),(311,'2018-11-28 23:17:55',5,'El articulo no se encuentra en stock'),(312,'2018-11-28 23:17:55',5,'Se escaneo el codigo:  que no existe en el stock.'),(313,'2018-11-28 23:17:56',5,'El articulo no se encuentra en stock'),(314,'2018-11-28 23:17:56',5,'Se escaneo el codigo:  que no existe en el stock.'),(315,'2018-11-28 23:17:57',5,'El articulo no se encuentra en stock'),(316,'2018-11-28 23:17:57',5,'Se escaneo el codigo:  que no existe en el stock.'),(317,'2018-11-28 23:17:58',5,'El articulo no se encuentra en stock'),(318,'2018-11-28 23:17:59',5,'Se escaneo el codigo:  que no existe en el stock.'),(319,'2018-11-28 23:18:00',5,'El articulo no se encuentra en stock'),(320,'2018-11-28 23:18:00',5,'Se escaneo el codigo:  que no existe en el stock.'),(321,'2018-11-28 23:18:01',5,'El articulo no se encuentra en stock'),(322,'2018-11-28 23:18:01',5,'Se escaneo el codigo:  que no existe en el stock.'),(323,'2018-11-28 23:18:02',5,'El articulo no se encuentra en stock'),(324,'2018-11-28 23:18:02',5,'Se escaneo el codigo:  que no existe en el stock.'),(325,'2018-11-28 23:18:03',5,'El articulo no se encuentra en stock'),(326,'2018-11-28 23:18:03',5,'Se escaneo el codigo:  que no existe en el stock.'),(327,'2018-11-28 23:18:04',5,'El articulo no se encuentra en stock'),(328,'2018-11-28 23:18:04',5,'Se escaneo el codigo:  que no existe en el stock.'),(329,'2018-11-28 23:18:05',5,'El articulo no se encuentra en stock'),(330,'2018-11-28 23:18:05',5,'Se escaneo el codigo:  que no existe en el stock.'),(331,'2018-11-28 23:18:06',5,'El articulo no se encuentra en stock'),(332,'2018-11-28 23:18:06',5,'Se escaneo el codigo:  que no existe en el stock.'),(333,'2018-11-28 23:18:07',5,'El articulo no se encuentra en stock'),(334,'2018-11-28 23:18:07',5,'Se escaneo el codigo:  que no existe en el stock.'),(335,'2018-11-28 23:18:33',5,'Bienvenido al sistema de gestion de stock'),(336,'2018-11-28 23:18:33',5,'Escanee producto'),(337,'2018-11-28 23:18:33',5,'Estado normal\n'),(338,'2018-11-28 23:18:35',5,'El articulo no se encuentra en stock'),(339,'2018-11-28 23:18:35',5,'Se escaneo el codigo:  que no existe en el stock.'),(340,'2018-11-28 23:18:36',5,'El articulo no se encuentra en stock'),(341,'2018-11-28 23:18:36',5,'Se escaneo el codigo:  que no existe en el stock.'),(342,'2018-11-28 23:18:37',5,'El articulo no se encuentra en stock'),(343,'2018-11-28 23:18:37',5,'Se escaneo el codigo:  que no existe en el stock.'),(344,'2018-11-28 23:18:38',5,'El articulo no se encuentra en stock'),(345,'2018-11-28 23:18:38',5,'Se escaneo el codigo:  que no existe en el stock.'),(346,'2018-11-28 23:18:39',5,'El articulo no se encuentra en stock'),(347,'2018-11-28 23:18:39',5,'Se escaneo el codigo:  que no existe en el stock.'),(348,'2018-11-28 23:18:40',5,'El articulo no se encuentra en stock'),(349,'2018-11-28 23:18:40',5,'Se escaneo el codigo:  que no existe en el stock.'),(350,'2018-11-28 23:18:41',5,'El articulo no se encuentra en stock'),(351,'2018-11-28 23:18:41',5,'Se escaneo el codigo:  que no existe en el stock.'),(352,'2018-11-28 23:18:42',5,'El articulo no se encuentra en stock'),(353,'2018-11-28 23:18:42',5,'Se escaneo el codigo:  que no existe en el stock.'),(354,'2018-11-28 23:18:43',5,'El articulo no se encuentra en stock'),(355,'2018-11-28 23:18:43',5,'Se escaneo el codigo:  que no existe en el stock.'),(356,'2018-11-28 23:18:45',5,'El articulo no se encuentra en stock'),(357,'2018-11-28 23:18:45',5,'Se escaneo el codigo:  que no existe en el stock.'),(358,'2018-11-28 23:18:46',5,'El articulo no se encuentra en stock'),(359,'2018-11-28 23:18:46',5,'Se escaneo el codigo:  que no existe en el stock.'),(360,'2018-11-28 23:18:47',5,'El articulo no se encuentra en stock'),(361,'2018-11-28 23:18:47',5,'Se escaneo el codigo:  que no existe en el stock.'),(362,'2018-11-28 23:18:48',5,'El articulo no se encuentra en stock'),(363,'2018-11-28 23:18:48',5,'Se escaneo el codigo:  que no existe en el stock.'),(364,'2018-11-28 23:18:49',5,'El articulo no se encuentra en stock'),(365,'2018-11-28 23:18:49',5,'Se escaneo el codigo:  que no existe en el stock.'),(366,'2018-11-28 23:18:50',5,'El articulo no se encuentra en stock'),(367,'2018-11-28 23:18:50',5,'Se escaneo el codigo:  que no existe en el stock.'),(368,'2018-11-28 23:18:51',5,'El articulo no se encuentra en stock'),(369,'2018-11-28 23:18:51',5,'Se escaneo el codigo:  que no existe en el stock.'),(370,'2018-11-28 23:18:53',5,'El articulo de codigo: 123 tiene descripcion: Producto 1 y precio: 10'),(371,'2018-11-28 23:18:53',5,'El total acumulado es de: 10'),(372,'2018-11-28 23:18:54',5,'El articulo no se encuentra en stock'),(373,'2018-11-28 23:18:54',5,'Se escaneo el codigo:  que no existe en el stock.'),(374,'2018-11-28 23:18:56',5,'El articulo de codigo: 123 tiene descripcion: Producto 1 y precio: 10'),(375,'2018-11-28 23:18:56',5,'El total acumulado es de: 20'),(376,'2018-11-28 23:18:57',5,'El articulo no se encuentra en stock'),(377,'2018-11-28 23:18:57',5,'Se escaneo el codigo:  que no existe en el stock.'),(378,'2018-11-28 23:18:58',5,'El articulo no se encuentra en stock'),(379,'2018-11-28 23:18:58',5,'Se escaneo el codigo:  que no existe en el stock.'),(380,'2018-11-28 23:18:59',5,'El articulo no se encuentra en stock'),(381,'2018-11-28 23:18:59',5,'Se escaneo el codigo:  que no existe en el stock.'),(382,'2018-11-28 23:19:00',5,'El articulo no se encuentra en stock'),(383,'2018-11-28 23:19:00',5,'Se escaneo el codigo:  que no existe en el stock.'),(384,'2018-11-28 23:19:01',5,'El articulo no se encuentra en stock'),(385,'2018-11-28 23:19:01',5,'Se escaneo el codigo:  que no existe en el stock.'),(386,'2018-11-28 23:19:02',5,'El articulo no se encuentra en stock'),(387,'2018-11-28 23:19:02',5,'Se escaneo el codigo:  que no existe en el stock.'),(388,'2018-11-28 23:19:03',5,'El articulo no se encuentra en stock'),(389,'2018-11-28 23:19:03',5,'Se escaneo el codigo:  que no existe en el stock.'),(390,'2018-11-28 23:19:04',5,'El articulo no se encuentra en stock'),(391,'2018-11-28 23:19:05',5,'Se escaneo el codigo:  que no existe en el stock.'),(392,'2018-11-28 23:19:06',5,'El articulo no se encuentra en stock'),(393,'2018-11-28 23:19:06',5,'Se escaneo el codigo:  que no existe en el stock.'),(394,'2018-11-28 23:19:07',5,'El articulo no se encuentra en stock'),(395,'2018-11-28 23:19:07',5,'Se escaneo el codigo:  que no existe en el stock.'),(396,'2018-11-28 23:19:08',5,'El articulo no se encuentra en stock'),(397,'2018-11-28 23:19:08',5,'Se escaneo el codigo:  que no existe en el stock.'),(398,'2018-11-28 23:19:09',5,'El articulo no se encuentra en stock'),(399,'2018-11-28 23:19:09',5,'Se escaneo el codigo:  que no existe en el stock.'),(400,'2018-11-28 23:19:10',5,'El articulo no se encuentra en stock'),(401,'2018-11-28 23:19:10',5,'Se escaneo el codigo:  que no existe en el stock.'),(402,'2018-11-28 23:19:11',5,'El articulo no se encuentra en stock'),(403,'2018-11-28 23:19:11',5,'Se escaneo el codigo:  que no existe en el stock.'),(404,'2018-11-28 23:19:12',5,'El articulo no se encuentra en stock'),(405,'2018-11-28 23:19:12',5,'Se escaneo el codigo:  que no existe en el stock.'),(406,'2018-11-28 23:19:13',5,'El articulo no se encuentra en stock'),(407,'2018-11-28 23:19:14',5,'Se escaneo el codigo:  que no existe en el stock.'),(408,'2018-11-28 23:19:15',5,'El articulo no se encuentra en stock'),(409,'2018-11-28 23:19:15',5,'Se escaneo el codigo:  que no existe en el stock.'),(410,'2018-11-28 23:19:16',5,'El articulo no se encuentra en stock'),(411,'2018-11-28 23:19:16',5,'Se escaneo el codigo:  que no existe en el stock.'),(412,'2018-11-28 23:19:17',5,'El articulo no se encuentra en stock'),(413,'2018-11-28 23:19:17',5,'Se escaneo el codigo:  que no existe en el stock.'),(414,'2018-11-28 23:19:18',5,'El articulo no se encuentra en stock'),(415,'2018-11-28 23:19:18',5,'Se escaneo el codigo:  que no existe en el stock.'),(416,'2018-11-28 23:19:19',5,'El articulo no se encuentra en stock'),(417,'2018-11-28 23:19:19',5,'Se escaneo el codigo:  que no existe en el stock.'),(418,'2018-11-28 23:19:20',5,'El articulo no se encuentra en stock'),(419,'2018-11-28 23:19:20',5,'Se escaneo el codigo:  que no existe en el stock.'),(420,'2018-11-28 23:19:21',5,'El articulo no se encuentra en stock'),(421,'2018-11-28 23:19:21',5,'Se escaneo el codigo:  que no existe en el stock.'),(422,'2018-11-28 23:19:22',5,'El articulo no se encuentra en stock'),(423,'2018-11-28 23:19:22',5,'Se escaneo el codigo:  que no existe en el stock.'),(424,'2018-11-28 23:19:23',5,'El articulo no se encuentra en stock'),(425,'2018-11-28 23:19:23',5,'Se escaneo el codigo:  que no existe en el stock.'),(426,'2018-11-28 23:19:24',5,'El articulo no se encuentra en stock'),(427,'2018-11-28 23:19:24',5,'Se escaneo el codigo:  que no existe en el stock.'),(428,'2018-11-28 23:19:25',5,'El articulo no se encuentra en stock'),(429,'2018-11-28 23:19:25',5,'Se escaneo el codigo:  que no existe en el stock.'),(430,'2018-11-28 23:19:26',5,'El articulo no se encuentra en stock'),(431,'2018-11-28 23:19:26',5,'Se escaneo el codigo:  que no existe en el stock.'),(432,'2018-11-28 23:19:28',5,'El articulo no se encuentra en stock'),(433,'2018-11-28 23:19:28',5,'Se escaneo el codigo:  que no existe en el stock.'),(434,'2018-11-28 23:19:29',5,'El articulo no se encuentra en stock'),(435,'2018-11-28 23:19:29',5,'Se escaneo el codigo:  que no existe en el stock.'),(436,'2018-11-28 23:19:30',5,'El articulo no se encuentra en stock'),(437,'2018-11-28 23:19:30',5,'Se escaneo el codigo:  que no existe en el stock.'),(438,'2018-11-28 23:19:31',5,'El articulo no se encuentra en stock'),(439,'2018-11-28 23:19:31',5,'Se escaneo el codigo:  que no existe en el stock.'),(440,'2018-11-28 23:19:32',5,'El articulo no se encuentra en stock'),(441,'2018-11-28 23:19:32',5,'Se escaneo el codigo:  que no existe en el stock.'),(442,'2018-11-28 23:19:33',5,'El articulo no se encuentra en stock'),(443,'2018-11-28 23:19:33',5,'Se escaneo el codigo:  que no existe en el stock.'),(444,'2018-11-28 23:19:34',5,'El articulo no se encuentra en stock'),(445,'2018-11-28 23:19:34',5,'Se escaneo el codigo:  que no existe en el stock.'),(446,'2018-11-28 23:19:35',5,'El articulo no se encuentra en stock'),(447,'2018-11-28 23:19:35',5,'Se escaneo el codigo:  que no existe en el stock.'),(448,'2018-11-28 23:19:36',5,'El articulo no se encuentra en stock'),(449,'2018-11-28 23:19:36',5,'Se escaneo el codigo:  que no existe en el stock.'),(450,'2018-11-28 23:19:37',5,'El articulo no se encuentra en stock'),(451,'2018-11-28 23:19:37',5,'Se escaneo el codigo:  que no existe en el stock.'),(452,'2018-11-28 23:19:38',5,'El articulo no se encuentra en stock'),(453,'2018-11-28 23:19:38',5,'Se escaneo el codigo:  que no existe en el stock.'),(454,'2018-11-28 23:19:39',5,'El articulo no se encuentra en stock'),(455,'2018-11-28 23:19:39',5,'Se escaneo el codigo:  que no existe en el stock.'),(456,'2018-11-28 23:19:40',5,'El articulo no se encuentra en stock'),(457,'2018-11-28 23:19:40',5,'Se escaneo el codigo:  que no existe en el stock.'),(458,'2018-11-28 23:19:41',5,'El articulo no se encuentra en stock'),(459,'2018-11-28 23:19:41',5,'Se escaneo el codigo:  que no existe en el stock.'),(460,'2018-11-28 23:19:42',5,'El articulo no se encuentra en stock'),(461,'2018-11-28 23:19:42',5,'Se escaneo el codigo:  que no existe en el stock.'),(462,'2018-11-28 23:19:43',5,'El articulo no se encuentra en stock'),(463,'2018-11-28 23:19:43',5,'Se escaneo el codigo:  que no existe en el stock.'),(464,'2018-11-28 23:19:44',5,'El articulo no se encuentra en stock'),(465,'2018-11-28 23:19:44',5,'Se escaneo el codigo:  que no existe en el stock.'),(466,'2018-11-28 23:19:45',5,'El articulo no se encuentra en stock'),(467,'2018-11-28 23:19:45',5,'Se escaneo el codigo:  que no existe en el stock.'),(468,'2018-11-28 23:19:46',5,'El articulo no se encuentra en stock'),(469,'2018-11-28 23:19:46',5,'Se escaneo el codigo:  que no existe en el stock.'),(470,'2018-11-28 23:19:47',5,'El articulo no se encuentra en stock'),(471,'2018-11-28 23:19:47',5,'Se escaneo el codigo:  que no existe en el stock.'),(472,'2018-11-28 23:19:48',5,'El articulo no se encuentra en stock'),(473,'2018-11-28 23:19:48',5,'Se escaneo el codigo:  que no existe en el stock.'),(474,'2018-11-28 23:21:58',5,'Bienvenido al sistema de gestion de stock'),(475,'2018-11-28 23:21:58',5,'Escanee producto'),(476,'2018-11-28 23:21:58',5,'Estado normal\n'),(477,'2018-11-28 23:22:06',5,'Transaccion reseteada'),(478,'2018-11-28 23:22:06',5,'Escanee producto'),(479,'2018-11-28 23:22:06',5,'Estado especial\n'),(480,'2018-11-28 23:22:12',5,'Se incremento el stock del producto: 212'),(481,'2018-11-28 23:22:12',5,'Se ha incrementado el stock del producto: 212'),(482,'2018-11-28 23:22:15',5,'El articulo no se encuentra en stock'),(483,'2018-11-28 23:22:15',5,'Se escaneo el codigo: 983 que no existe en el stock.'),(484,'2018-11-29 16:46:37',5,'Bienvenido al sistema de gestion de stock'),(485,'2018-11-29 16:46:37',5,'Escanee producto'),(486,'2018-11-29 16:46:37',5,'Estado especial\n'),(487,'2018-11-29 16:46:39',5,'El articulo no se encuentra en stock'),(488,'2018-11-29 16:46:39',5,'Se escaneo el codigo:  que no existe en el stock.'),(489,'2018-11-29 16:46:40',5,'El articulo no se encuentra en stock'),(490,'2018-11-29 16:46:40',5,'Se escaneo el codigo:  que no existe en el stock.'),(491,'2018-11-29 16:46:41',5,'El articulo no se encuentra en stock'),(492,'2018-11-29 16:46:41',5,'Se escaneo el codigo:  que no existe en el stock.'),(493,'2018-11-29 16:46:42',5,'El articulo no se encuentra en stock'),(494,'2018-11-29 16:46:42',5,'Se escaneo el codigo:  que no existe en el stock.'),(495,'2018-11-29 16:46:43',5,'El articulo no se encuentra en stock'),(496,'2018-11-29 16:46:43',5,'Se escaneo el codigo:  que no existe en el stock.'),(497,'2018-11-29 16:46:44',5,'El articulo no se encuentra en stock'),(498,'2018-11-29 16:46:44',5,'Se escaneo el codigo:  que no existe en el stock.'),(499,'2018-11-29 16:57:41',5,'Bienvenido al sistema de gestion de stock'),(500,'2018-11-29 16:57:41',5,'Escanee producto'),(501,'2018-11-29 16:57:41',5,'Estado especial\n'),(502,'2018-11-29 16:59:06',5,'El articulo no se encuentra en stock'),(503,'2018-11-29 16:59:06',5,'Se escaneo el codigo: 983 que no existe en el stock.'),(504,'2018-11-29 17:40:25',5,'Bienvenido al sistema de gestion de stock'),(505,'2018-11-29 17:40:25',5,'Escanee producto'),(506,'2018-11-29 17:40:25',5,'Estado especial\n'),(507,'2018-11-29 17:40:32',5,'El articulo no se encuentra en stock'),(508,'2018-11-29 17:40:32',5,'Se escaneo el codigo: 983 que no existe en el stock.'),(509,'2018-11-29 17:53:09',5,'Bienvenido al sistema de gestion de stock'),(510,'2018-11-29 17:53:10',5,'Escanee producto'),(511,'2018-11-29 17:53:10',5,'Estado especial\n'),(512,'2018-11-29 17:53:21',5,'El articulo no se encuentra en stock'),(513,'2018-11-29 17:53:21',5,'Se escaneo el codigo: 983 que no existe en el stock.'),(514,'2018-11-29 17:58:37',5,'Se incremento el stock del producto: 212'),(515,'2018-11-29 17:58:37',5,'Se ha incrementado el stock del producto: 212'),(516,'2018-11-29 17:59:02',5,'Se incremento el stock del producto: 123'),(517,'2018-11-29 17:59:02',5,'Se ha incrementado el stock del producto: 123'),(518,'2018-11-29 17:59:04',5,'El articulo no se encuentra en stock'),(519,'2018-11-29 17:59:04',5,'Se escaneo el codigo: 983 que no existe en el stock.'),(520,'2018-11-29 18:00:53',5,'Se incremento el stock del producto: 212'),(521,'2018-11-29 18:00:53',5,'Se ha incrementado el stock del producto: 212'),(522,'2018-11-29 18:00:57',5,'Se incremento el stock del producto: 983'),(523,'2018-11-29 18:00:57',5,'Se ha incrementado el stock del producto: 983'),(524,'2018-11-29 18:01:19',5,'Se incremento el stock del producto: 983'),(525,'2018-11-29 18:01:19',5,'Se ha incrementado el stock del producto: 983'),(526,'2018-11-29 18:01:19',5,'Estado normal\n'),(527,'2018-11-29 18:01:37',5,'El articulo de codigo: 212 tiene descripcion: Producto 4 y precio: 47'),(528,'2018-11-29 18:01:37',5,'El total acumulado es de: 47'),(529,'2018-11-29 18:01:40',5,'El articulo de codigo: 983 tiene descripcion: producto 983 y precio: 6789'),(530,'2018-11-29 18:01:40',5,'El total acumulado es de: 6836'),(531,'2018-11-29 18:01:49',5,'El articulo de codigo: 983 tiene descripcion: producto 983 y precio: 6789'),(532,'2018-11-29 18:01:49',5,'El total acumulado es de: 13625'),(533,'2018-11-29 18:01:55',5,'Se decremento el stock del producto: '),(534,'2018-11-29 18:01:55',5,'Se decremento el stock del producto: '),(535,'2018-11-29 18:01:55',5,'Se decremento el stock del producto: '),(536,'2018-11-29 18:01:55',5,'Transaccion confirmada'),(537,'2018-11-29 18:01:55',6,'Escanee producto'),(538,'2018-11-29 18:01:58',6,'Transaccion reseteada'),(539,'2018-11-29 18:01:58',6,'Escanee producto'),(540,'2018-11-29 18:02:00',6,'Transaccion reseteada'),(541,'2018-11-29 18:02:00',6,'Escanee producto'),(542,'2018-11-29 18:02:03',6,'Transaccion invalida'),(543,'2018-11-29 18:02:03',6,'Escanee producto'),(544,'2018-11-29 18:02:03',6,'Estado especial\n'),(545,'2018-11-29 18:02:04',6,'Transaccion invalida'),(546,'2018-11-29 18:02:04',6,'Escanee producto'),(547,'2018-11-29 18:02:04',6,'Transaccion reseteada'),(548,'2018-11-29 18:02:04',6,'Escanee producto');
/*!40000 ALTER TABLE `errorlog` ENABLE KEYS */;
UNLOCK TABLES;

--
-- Table structure for table `productos`
--

DROP TABLE IF EXISTS `productos`;
/*!40101 SET @saved_cs_client     = @@character_set_client */;
/*!40101 SET character_set_client = utf8 */;
CREATE TABLE `productos` (
  `id_producto` int(11) NOT NULL AUTO_INCREMENT,
  `codigo` varchar(50) CHARACTER SET utf8mb4 COLLATE utf8mb4_spanish_ci NOT NULL,
  `descripcion` text CHARACTER SET utf8mb4 COLLATE utf8mb4_spanish_ci NOT NULL,
  `precio` int(50) NOT NULL,
  `cantidad` int(50) NOT NULL,
  `umbral` int(50) NOT NULL,
  PRIMARY KEY (`id_producto`),
  KEY `id_producto` (`id_producto`)
) ENGINE=InnoDB AUTO_INCREMENT=10 DEFAULT CHARSET=utf8mb4;
/*!40101 SET character_set_client = @saved_cs_client */;

--
-- Dumping data for table `productos`
--

LOCK TABLES `productos` WRITE;
/*!40000 ALTER TABLE `productos` DISABLE KEYS */;
INSERT INTO `productos` VALUES (1,'123','Producto 1',10,31,10),(2,'0987654321','Producto 2',4,1,2),(3,'121212121212','Producto 3',47,1,2),(4,'212','Producto 4',47,25,2),(5,'322323232323','Producto 5',47,1,2),(6,'TimeOut','dfghjk',23456,8,12),(7,'1','wertyudfg',3434,10,78),(8,'','producto nuevo',0,90,8),(9,'983','producto 983',6789,123,9);
/*!40000 ALTER TABLE `productos` ENABLE KEYS */;
UNLOCK TABLES;

--
-- Table structure for table `transacclog`
--

DROP TABLE IF EXISTS `transacclog`;
/*!40101 SET @saved_cs_client     = @@character_set_client */;
/*!40101 SET character_set_client = utf8 */;
CREATE TABLE `transacclog` (
  `id_transacclog` int(11) NOT NULL AUTO_INCREMENT,
  `datetime` datetime NOT NULL DEFAULT CURRENT_TIMESTAMP,
  `id_transacc` int(11) NOT NULL,
  `id_producto` int(11) NOT NULL,
  PRIMARY KEY (`id_transacclog`)
) ENGINE=InnoDB AUTO_INCREMENT=34 DEFAULT CHARSET=utf8mb4;
/*!40101 SET character_set_client = @saved_cs_client */;

--
-- Dumping data for table `transacclog`
--

LOCK TABLES `transacclog` WRITE;
/*!40000 ALTER TABLE `transacclog` DISABLE KEYS */;
INSERT INTO `transacclog` VALUES (1,'2018-10-29 21:55:51',1,1),(2,'2018-11-14 23:05:01',0,1),(3,'2018-11-14 23:05:01',0,1),(4,'2018-11-14 23:05:01',0,4),(5,'2018-11-14 23:13:07',0,1),(6,'2018-11-14 23:13:07',0,1),(7,'2018-11-14 23:13:24',0,1),(8,'2018-11-14 23:17:11',1,4),(9,'2018-11-14 23:17:11',1,4),(10,'2018-11-14 23:17:11',1,4),(11,'2018-11-20 23:46:09',1,1),(12,'2018-11-20 23:46:09',1,1),(13,'2018-11-20 23:46:09',1,1),(14,'2018-11-20 23:46:09',1,1),(15,'2018-11-20 23:46:09',1,6),(16,'2018-11-20 23:46:09',1,1),(17,'2018-11-20 23:46:09',1,4),(18,'2018-11-20 23:46:09',1,4),(19,'2018-11-20 23:51:00',1,1),(20,'2018-11-20 23:51:00',1,1),(21,'2018-11-20 23:51:00',1,1),(22,'2018-11-20 23:51:00',1,1),(23,'2018-11-20 23:51:00',1,1),(24,'2018-11-21 21:35:46',2,1),(25,'2018-11-21 21:35:46',2,1),(26,'2018-11-21 21:35:46',2,4),(27,'2018-11-21 21:35:46',2,1),(28,'2018-11-21 23:00:14',3,1),(29,'2018-11-21 23:00:14',3,1),(30,'2018-11-28 22:51:54',4,4),(31,'2018-11-29 18:01:55',5,4),(32,'2018-11-29 18:01:55',5,9),(33,'2018-11-29 18:01:55',5,9);
/*!40000 ALTER TABLE `transacclog` ENABLE KEYS */;
UNLOCK TABLES;

--
-- Table structure for table `variables`
--

DROP TABLE IF EXISTS `variables`;
/*!40101 SET @saved_cs_client     = @@character_set_client */;
/*!40101 SET character_set_client = utf8 */;
CREATE TABLE `variables` (
  `id_variables` int(11) NOT NULL AUTO_INCREMENT,
  `mail` text CHARACTER SET utf8mb4 COLLATE utf8mb4_spanish_ci NOT NULL,
  `asunto_alerta` text CHARACTER SET utf8mb4 COLLATE utf8mb4_spanish_ci NOT NULL,
  `mensaje_ticket` text CHARACTER SET utf8mb4 COLLATE utf8mb4_spanish_ci NOT NULL,
  `nombre_establecim` text CHARACTER SET utf8mb4 COLLATE utf8mb4_spanish_ci NOT NULL,
  PRIMARY KEY (`id_variables`)
) ENGINE=InnoDB AUTO_INCREMENT=2 DEFAULT CHARSET=utf8mb4;
/*!40101 SET character_set_client = @saved_cs_client */;

--
-- Dumping data for table `variables`
--

LOCK TABLES `variables` WRITE;
/*!40000 ALTER TABLE `variables` DISABLE KEYS */;
INSERT INTO `variables` VALUES (1,'edutk@vera.com.uy','Alerta de stock minimo','Gracias por su compra','Local Kiosko');
/*!40000 ALTER TABLE `variables` ENABLE KEYS */;
UNLOCK TABLES;
/*!40103 SET TIME_ZONE=@OLD_TIME_ZONE */;

/*!40101 SET SQL_MODE=@OLD_SQL_MODE */;
/*!40014 SET FOREIGN_KEY_CHECKS=@OLD_FOREIGN_KEY_CHECKS */;
/*!40014 SET UNIQUE_CHECKS=@OLD_UNIQUE_CHECKS */;
/*!40101 SET CHARACTER_SET_CLIENT=@OLD_CHARACTER_SET_CLIENT */;
/*!40101 SET CHARACTER_SET_RESULTS=@OLD_CHARACTER_SET_RESULTS */;
/*!40101 SET COLLATION_CONNECTION=@OLD_COLLATION_CONNECTION */;
/*!40111 SET SQL_NOTES=@OLD_SQL_NOTES */;

-- Dump completed on 2018-11-29 18:17:05
El archivo de base de datos se descargar&aacute autom&aacuteticamente en unos segundos...